Nombre,Costo (USD),Cantidad,Ganancia (%),IVA (%)
"BOLSA AZUL",0.07,9,30,0
"BRILLO DE ALAMBRE 3 UNIDAD",0.8,7,0,0
"BRILLO DE ALAMBRE",0.5,5,0,0
"GALLETA COOKIE",0.9,9,0,0
"SARDINA OMEGA",0.89,10,0,0
"MARGARINA MAVESA",1.6,5,0,0
"MARGARINA PAMPA 450",1.6,4,0,0
"MARGARINA PAMPA 250",0.98,6,0,0
"AREQUIPE",3.5,10,0,0
"TALLAS SANITARIAS DIA",0.8,4,0,0
"HARINA DE TRIGO PAMPA",1.24,2,0,0
"SAL",0.56,19,0,0
"CREMA ALIDENT",1.1,4,0,0
"TALLAS BAMBO",0.6,10,0,0
"TALLAS SIGLO",0.9,6,0,0
"PAPELÓN CONO",1.4,6,0,0
"HARINA PAN TRIGO",1.1,2,0,0
"HARINA MARY",1.31,9,0,0
"AZÚCAR DULCE DIA",1.63,8,0,0
"AZÚCAR KONFIT",1.71,11,0,0
"AVENA PANTERA",0.9,6,0,0
"MARGARINA MIRASOL",1.5,6,0,0
"LECHE LAM",1.3,7,0,0
"LECHE LAM 190",1.8,1,0,0
"LECHE DO BOM 200",2.4,1,0,0
"LECHE VILLA",1.2,1,0,0
"AZÚCAR 500",1,10,0,0
"SARDINA TOMATE",0.8,2,0,0
"ATÚN CALIFORNIA",0.9,2,0,0
"ATÚN GLENDY",1.4,2,0,0
"SARDINA DE TOMATE",0.8,1,0,0
"MANTEQUILLA NELLY P",1.4,2,0,0
"ACEITE 500",1.8,4,0,0
"ARROZ",1.2,1,0,0
"PASTA CAPRI 500",1.18,1,0,0
"HARINA DE TRIGO MARA",1.42,4,0,0
"ESPAGUETI MARY",2,5,0,0
"JABÓN OSO BLANCO 500",1.2,2,0,0
"JABÓN ALIVE 500",1.4,8,0,0
"JABÓN ALIVE Y 200",0.9,6,0,0
"PAN DE QUESO",1.2,6,0,0
"PAN DULCE",0.4,10,0,0
"PAN COLOMBIANO",1.6,10,0,0
"REFRESCO 400",0.6,6,0,0
"REFRESCO SUN 1L",0.74,24,0,0
"REFRESCO COCA-COLA 1L",1.01,6,0,0
"REFRESCO COCA-COLA 2L",1.68,4,0,0
"MALTA",0.8,9,0,0
"TUALLA SIGLO",1,3,0,0
"JABÓN PALMOLIVE",0.9,6,0,0
"JABÓN HARMONY",0.6,6,0,0
"JABÓN AVENA",0.6,6,0,0
"PEGA LOCA",0.37,1,0,0
"NUTRIBELLA",0.72,2,0,0
"SHAMPOO",0.62,12,0,0
"CREMA COLGATE",1.3,2,0,0
"JABÓN DE BAÑO OSO BLANCO",0.8,2,0,0
"SHAMPOO PANTENE",0.6,4,0,0
"SALSA PEQUEÑA",1.2,2,0,0
"BEBIDA ACHOCOLATADA",0.87,2,0,0
"SALSA AJO",1.46,3,0,0
"SALSA SOYA",1.44,2,0,0
"HARINA KALY",1.43,20,0,0
"VINAGRE GIRALDA",1.2,2,0,0
"BISRROL",0.43,3,0,0
"PUFFY",0.32,9,0,0
"TOM",0.37,10,0,0
"GALLETA MARIA",0.4,20,0,0
"CATALINA",0.27,11,0,0
"MEGA BIT",0.57,5,0,0
"RÁPIDO",0.32,12,0,0
"DORITO",1.23,7,0,0
"JUGO CELEMA",0.55,11,0,0
"CAFÉ AMANECER 100",1.41,18,0,0
"CASABE",0.83,10,0,0
"JUSTY DE NARANJA",1.45,6,0,0
"SIN 1L",1.01,1,0,0
"FRESCOLITA 1L",1.01,1,0,0
"CHINOTO 1L",1.01,2,0,0
"SIN LIMÓN 1L",0.75,12,0,0
"SIN KOLITA",0.75,12,0,0
"SARDINA MORRO",0.85,9,0,0
"LAILA",0.27,1,0,0
"CUBITO",0.27,7,0,0
"DICLOFENACO",0.11,100,0,0
"IBUPROFENO",0.21,8,0,0
"ACETAMONOFEN",0.16,100,0,0
"ATÚN DIPLOMÁTICO",1.33,2,0,0
"PANELADA",0.57,1,0,0
"LECHE CONDENSADA",1.7,3,0,0
"ACEITE PEQUEÑO",1.24,8,0,0
"AÚN 2L",1.12,8,0,0
"GLUP UVA",1.04,4,0,0
"CHAO PAQ 5",0.27,6,0,0
"AGOGO",0.27,10,0,0
"SALCHICHA MANA",0.42,99,0,0
"POLLO",4.23,10,0,0
"SIN 400",0.43,20,0,0
"SALSA TOMATE IBERIA G",1.71,1,0,0
"SALSA TOMATE IBERIA PEQ",1.12,5,0,0
"PEGA PEQUEÑA",0.64,2,0,0
"DRAGON",5,0,0,0
"TITI",6,3,0,0
"DRAGÓN",5,5,0,0
"PAPEL ZINNIA",0.56,7,0,0
"HOJILLA",0.27,10,0,0
"VELA",0.29,10,0,0
"YESQUERO",0.21,39,0,0
"BICARBONATO",0.21,17,0,0
"ACEITE LAM 250",1.15,7,0,0
"CHOCO TIGO",2.3,1,0,0
"JABÓN LAS LLAVES",1.1,9,0,0
"JABÓN ALIVE",0.8,3,0,0
"PEINE",0.48,2,0,0
"DESODORANTE",0.52,9,0,0
"SALSA DE AJO",1.35,3,0,0
"PAN FRANCES",0.11,4,0,0
"TALLAS WANITA DIA",0.92,2,0,0
"TUALLAS NANZATEX",0.85,2,0,0
"NUTRIBELLA ACONDICIONADO",0.43,1,0,0
"DETERGENTE ALIVE 200",0.66,3,0,0
"RAPIDO",0.29,11,0,0
"CREMA DE ARROZ PRIMON PEQUEÑO",0.9,1,0,0
"CLUB SOCIAL",0.32,12,0,0
"GALLETA SODA",0.36,7,0,0
"ARROZ POPULAR",1.45,3,0,0
"PASTA RONCO 1KG",2,1,0,0
"BOLSA DE BASURA",0.32,38,0,0
"CAMISA",5,6,0,0
"LAPIZ MONGOL",0.26,9,0,0
"BOLIGRAFOS FABER CASTELL",0.48,8,0,0
"MARCADOR POINTER",0.79,3,0,0
"LÁPIZ POINTER",0.26,10,0,0
"HUEVO",0.23,0,0,0
"CURITA",0.13,40,0,0
"TINITA CHOCOLISIMO",0.8,3,0,0
"TINITA CHOCOMANTECADO",0.8,-4,0,0
"CONO CHICLE",0.8,0,0,0
"PALETA CHOCOMANTECADO",0.8,4,0,0
"MAXI SÁNDWICH VAINILLA",1.2,10,0,0
"PALET MAUSE",0.8,4,0,0
"PALETA MAX POLET",1.5,7,0,0
"PALETA CASERO GUANABANA",0.5,10,0,0
"SUPER CONO MANTECADO",1.2,3,0,0
"SUPER CONO TRIPLE CHOCOLATE",1.2,0,0,0
"SUPER CONO AREQUIPE",1.2,3,0,0
"PALETA DRAC",0.8,-1,0,0
"PALETA FRES",0.4,10,0,0
"PALETA PAW PATROL",0.5,8,0,0
"RECOLECTOR DE ORINA",0.26,4,0,0
"LECHE RIKA",2.48,10,0,0
"SALSA INGLESA",1.44,2,0,0
"ACEITE VALE 1L",4.21,5,0,0
"ACEITE VATEL 500",2.81,5,0,0
"COCACOLA 350 BOTELLA",0.47,24,0,0
"CHOCO CRUNCH",1.15,10,0,0
"AFEITADORA",0.37,4,0,0
"GALLETA CLUB SOCIAL",0.37,8,0,0
"ATÚN",1.33,1,0,0
"AZÚCAR MONTALBÁN",1.8,4,0,0
"SUAVITEL",0.94,7,0,0
"VATEL 1L",5.13,5,0,0
"VATEL PEQ VASITO",0.91,4,0,0
"MAYONESA MAVESA",1.98,10,0,0
"ATÚN DIPLOMATICO",1.4,10,0,0
"CAFÉ FAVORITO 50",0.77,8,0,0
"PAÑAL XG BABY FINGER",0.41,15,0,0
"HISOPO PEQUEÑO",0.46,2,0,0
"AVENA VICONE",0.81,2,0,0
"LECHE DON MIGUEL",1.37,2,0,0
"DETERGENTE OSO BLANCO 200",0.56,1,0,0
"HARINA PAN",1.36,10,0,0
"LECHE SUR",1.81,2,0,0
"GALLETA NINI WORL",0.5,2,0,0
"NUTRI TONY",1.1,10,0,0
"CREMA DE ARROZ TONY",1.1,10,0,0
"MAIZINA PEQUEÑA",0.79,2,0,0
"JUGO JUCOSA",0.65,2,0,0
"JUGO ÚNICA PERA",0.6,2,0,0
"CAFÉ ANZOATEGUI",1.31,2,0,0
"JABÓN ANITA",0.82,2,0,0
"VAINILLA",0.85,1,0,0
"JABÓN 3N",0.6,4,0,0
"MAYONESA KRAFT",1.98,10,0,0
"HARINA PAN ARROZ",1.33,2,0,0
"JUGO DINO",0.61,23,0,0
"SUN 400",0.4,79,0,0
"FRECOLITA 2L",1.42,6,0,0
"JUGO DEL VALLE",1.13,6,0,0
"JUGO DEL VALLE 400",0.69,10,0,0
"PAPEL ROSAL",0.39,6,0,0
"ATÚN PEÑERO",1.23,2,0,0
"CREMA DE ARROZ SANTONI",0.83,0,0,0
"FORORO",0.57,2,0,0
"CAFÉ DELLA NONNA",1.45,5,0,0
"LECHE CALY 200",2.82,2,0,0
"AVENA QUAKER",1.13,2,0,0
"ACE LAS LLAVES",2.89,1,0,0
"SALSAT. GIRALDA GRANDE",1.88,5,0,0
"SALSA T. GIRALDA PEQ.",1.39,5,0,0
"MARILU",0.38,23,0,0
"ARROZ SANTO MELAO",1.36,11,0,0
"CREMA DE ARROZ AGUA BLANCA",1.01,5,0,0
"LECHE LA CAMPIÑA 200",3.07,10,0,0
"LECHE LA CAMPIÑA 125",2.05,10,0,0
"GALLETA WAFER",0.86,2,0,0
"FOAMI",0.43,5,0,0
"FANTA",0.92,6,0,0
"FRESCOLITA COCACOLA2L",1.68,1,0,0
"CHINOTO COCACOLA2L",1.68,3,0,0
"SUN COLA NEGRA 2L",1.08,11,0,0
"LECHE KALY",2.77,10,0,0
"CHISPITAS DE COLORES",0.9,2,0,0
"CARAOTA",1.31,8,0,0
"PASTA SANDONI",1.17,6,0,0
"JUGO FRUTY",1.35,9,0,0
"CHISKRONCH",0.46,32,0,0
"CHISKESITO GRANDE",0.79,4,0,0
"CHISKESITO",0.67,8,0,0
"FLAQUITO",0.68,12,0,0
"MANÍ CON CHOCOLATE",1.06,12,0,0
"VISTA CRISPY",0.23,24,0,0
"WAFER GUSH DE CHOCOLATE",0.23,24,0,0
"PILAR GALLETA DE CHOCOLATE",0.6,3,0,0
"PILAR WAFER",0.6,6,0,0
"RODRIGO BARRA DE CHOCOLATE",0.2,24,0,0
"JAIMITO QUESO",1.05,1,0,0
"PEPITO TOM",0.88,4,0,0
"CEBOLLA",1.39,10676497,0,0
"CHOCO MANI",0.8,8,0,0
"CHOCO MANI AREQUIPE",0.8,10,0,0
"PALETA FRAMBUESA",2,9,0,0
"COCO AREQUIPE",2,10,0,0
"AVELLANA AVELLANA",2,10,0,0
"PALETA PASIÓN",0.5,10,0,0
"PALETA EXOTIC",0.5,9,0,0
"POLET CRUNCH WHITE",1.5,10,0,0
"TRISABOR",6,10,0,0
"TOMATE",1.39,365657,0,0
"BATATA",1.16,6000,0,0
"ZANAHORIA",1.85,558946,0,0
"PAPA",1.4,6467567,0,0
"AJO",9.71,5794676,0,0
"AJI",1.53,9764549,0,0
"PAN SEMI DULCE",0.18,10,0,0
"SABROSEADOR",0.14,20,0,0
"MANZANILLA",0.18,20,0,0
"ONOTO",0.18,20,0,0
"AJO MIX",0.18,20,0,0
"POLVO DE HORNEAR",0.18,20,0,0
"CLAVITO DE OLOR",0.2,20,0,0
"CANELA",0.18,20,0,0
"COMINO",0.18,20,0,0
"PIMIENTA",0.18,20,0,0
"AJINOMOTO",0.2,20,0,0
"HELADOS DE TETA",0.28,100,0,0
"QUESO",7.56,64648797,0,0
"MORTADELA",7.86,6494979,0,0
"MADAGASCAR",0.35,20,0,0
"KESITO GRANDE",1.05,5,0,0
"JABÓN PURO AVENA",0.55,10,0,0
"SILOCON EN BARRA FINO",0.33,10,0,0
"CEPILLO DENTAL ALIDEN",0.7,3,0,0
"COMPOTA",1.47,10,0,0
"ESCOBA",2.61,10,0,0
"JABÓN DALAN",0.82,6,0,0
"ESPONJA ALMABRE",0.45,10,0,0
"SHAMPOO FLOR DE MANZANA",1.71,2,0,0
"CLORO PEQ OSO BLANCO",0.77,10,0,0
"FANTA 2LTRS",1.68,6,0,0
"CHUPETA",0.18,0,0,0
"JABÓN LAS LLAVES GRANDE",1,0,0,0
"DEDOS COOKIES",0.63,0,0,0
"A.B.C COOKIES",0.63,0,0,0
"CUENTA COOKIES",0.63,0,0,0
"PAPELÓN",0.8,4,0,0
"JERINGA",0.38,0,0,0
"ATÚN LAILA",1.56,0,0,0
"DESODORANTE CLINICAL",0.64,0,0,0
"MAYONESA SOFIA",1.56,0,0,0
"WANITA NOCTURNA",1.49,0,0,0
"BOMBILLO LED NALY",0.76,0,0,0
"AROMAX",0.36,0,0,0
"PAPEL ZINNIA PEQUEÑO",0.4,0,0,0
"CHINOTO 1.5",1.3,0,0,0
"ARROZ AGUA BLANCA",1.65,0,0,0
"AZÚCAR SANTO MELAO 800G",1.65,9.5,0,0
"MEGA BIT 120GR",1.41,0,0,0
"GALAK CHOCOLATE BLANCO",1.23,0,0,0
"KESITO PEQUEÑO",0.48,0,0,0
"BOLIKRUNCH 25GR",0.53,0,0,0
"TOCINETA PEQUE 7GR",0.26,0,0,0
"TOCINETA 16GR",0.44,0,0,0
"FRESCOLITA 1.5",1.3,0,0,0
"COCACOLA 1.5",1.3,0,0,0
"HOJA BLANCA",0.06,0,0,0
"VINAGRE HEINZ",1.43,24,0,0
"SALSA TOMATE HEINZ",1.5,0,0,0
"PAPEL ZEDITA",0.41,0,0,0
"PAPEL ZEDITA 4 ROLLOS",1.22,12,0,0
"COMPOTA POUCH",0.75,8,0,0
"CHICHA HUESITO",1,5,0,0
"HUESITO CHOCOLATE 1L",3.42,5,0,0
"LECHE CARABOBO 200ML",0.91,5,0,0
"COCOSETE",0.82,0,0,0
"SAMBA FRESA",0.87,20,0,0
"FREEGELLS",0.39,12,0,0
"GELATINA WYNCO",0.78,5,0,0
"LECHE DOBOM 125",1.28,0,0,0
"JABÓN AZUL BBE",0.91,0,0,0
"GALLETA MARIA PAQUETE",2.36,0,0,0
"CAFÉ BUEN CAFÉ 100",1.47,10,0,0
"CHICLE BUDS",0.21,17,0,0
"PRUEBA",1,5,30,0
"VASO",10.23,3,25,0
